sale_no,order_date,order_time,different_items,total_items,order_total
1,2026-07-25,08:06,1,3,2100.00
2,2026-07-25,08:21,3,3,7950.00
3,2026-07-25,08:28,1,1,2500.00
4,2026-07-25,08:55,1,3,9200.00
5,2026-07-25,09:02,3,5,10200.00
6,2026-07-25,09:15,1,4,9650.00
7,2026-07-25,09:23,2,5,9150.00
8,2026-07-25,10:14,1,1,11550.00
9,2026-07-25,10:15,1,1,1100.00
10,2026-07-25,10:22,2,5,10400.00
11,2026-07-25,10:29,1,2,6800.00
12,2026-07-25,11:34,2,5,10350.00
13,2026-07-25,12:03,2,3,4600.00
14,2026-07-25,12:19,1,3,4000.00
15,2026-07-25,12:54,1,4,3900.00
16,2026-07-25,13:17,2,2,5650.00
17,2026-07-25,13:22,2,2,4550.00
18,2026-07-25,13:31,3,3,5550.00
19,2026-07-25,13:33,1,2,12600.00
20,2026-07-25,13:50,1,3,900.00
21,2026-07-25,14:56,2,3,4300.00
22,2026-07-25,15:59,2,2,5950.00
23,2026-07-25,16:13,3,3,2300.00
24,2026-07-25,17:03,2,2,1050.00
25,2026-07-25,17:29,1,1,4100.00
26,2026-07-25,17:57,1,1,4750.00
27,2026-07-25,18:49,4,5,4000.00
28,2026-07-25,19:22,3,5,4650.00
29,2026-07-26,08:17,2,2,9500.00
30,2026-07-26,08:34,1,1,3600.00
31,2026-07-26,08:43,2,2,4800.00
32,2026-07-26,08:45,2,5,3800.00
33,2026-07-26,09:39,2,2,5250.00
34,2026-07-26,10:33,3,3,4500.00
35,2026-07-26,10:42,2,2,2950.00
36,2026-07-26,10:50,1,1,1700.00
37,2026-07-26,10:58,1,1,3900.00
38,2026-07-26,11:22,1,1,3050.00
39,2026-07-26,11:29,2,2,2000.00
40,2026-07-26,12:10,2,2,3100.00
41,2026-07-26,12:47,1,1,4750.00
42,2026-07-26,13:12,3,3,8100.00
43,2026-07-26,13:57,3,3,6300.00
44,2026-07-26,13:59,1,1,3200.00
45,2026-07-26,14:18,1,1,1400.00
46,2026-07-26,14:29,1,1,3650.00
47,2026-07-26,14:59,2,2,2450.00
48,2026-07-26,15:02,1,3,6150.00
49,2026-07-26,15:34,4,5,10050.00
50,2026-07-26,15:50,1,3,10750.00
51,2026-07-26,16:06,1,1,3200.00
52,2026-07-26,16:55,1,1,4750.00
53,2026-07-26,17:08,1,1,2350.00
54,2026-07-26,17:18,4,4,4200.00
55,2026-07-26,18:19,1,1,3050.00
56,2026-07-26,19:06,1,1,5050.00
57,2026-07-26,19:08,1,1,9950.00
58,2026-07-26,19:17,2,2,4250.00
59,2026-07-26,19:20,1,1,4550.00
60,2026-07-26,19:21,2,3,4000.00
61,2026-07-26,19:43,2,2,6650.00
62,2026-07-26,19:47,2,2,2950.00
63,2026-07-27,08:14,1,1,3250.00
64,2026-07-27,08:45,1,2,2450.00
65,2026-07-27,09:28,2,2,11450.00
66,2026-07-27,12:37,4,4,2600.00
67,2026-07-27,13:20,2,2,6450.00
68,2026-07-27,15:03,2,2,7450.00
69,2026-07-27,16:36,2,2,6750.00
70,2026-07-27,16:56,1,3,3200.00
71,2026-07-27,17:02,1,1,2400.00
72,2026-07-27,17:12,2,2,8750.00
73,2026-07-27,17:25,1,1,1650.00
74,2026-07-27,18:52,1,1,3100.00
75,2026-07-27,18:55,1,2,8750.00
76,2026-07-27,19:02,1,1,1900.00
77,2026-07-27,19:42,2,2,2650.00
78,2026-07-27,19:56,1,1,3150.00
79,2026-07-28,08:45,1,2,4700.00
80,2026-07-28,11:32,1,1,2300.00
81,2026-07-28,11:53,1,2,1850.00
82,2026-07-28,15:48,1,1,1150.00
83,2026-07-28,16:10,1,1,2600.00
84,2026-07-28,16:44,2,3,2250.00
85,2026-07-28,17:06,1,1,2450.00
86,2026-07-28,17:21,2,2,1850.00
87,2026-07-28,17:23,1,2,8950.00
88,2026-07-28,18:19,2,4,8450.00
89,2026-07-28,18:24,1,2,4600.00
90,2026-07-28,18:29,3,4,4250.00
91,2026-07-28,18:35,1,1,6850.00
92,2026-07-28,18:36,1,1,1150.00
93,2026-07-28,18:53,3,6,5450.00
94,2026-07-28,19:03,1,1,2550.00
95,2026-07-28,19:09,1,2,2800.00
96,2026-07-28,19:24,2,2,2900.00
97,2026-07-28,19:31,1,3,6550.00
98,2026-07-28,19:37,4,5,4600.00
99,2026-07-28,19:40,1,1,3450.00
100,2026-07-28,19:56,1,1,9600.00
101,2026-07-29,09:24,1,2,7200.00
102,2026-07-29,09:54,2,2,4550.00
103,2026-07-29,13:47,1,3,4800.00
104,2026-07-29,17:12,2,2,3200.00
105,2026-07-29,17:29,1,1,2950.00
106,2026-07-29,17:59,1,1,3550.00
107,2026-07-29,17:59,2,3,3600.00
108,2026-07-29,18:11,1,2,4250.00
109,2026-07-29,18:28,2,4,11700.00
110,2026-07-29,19:02,1,2,5950.00
111,2026-07-29,19:17,1,2,5100.00
112,2026-07-30,08:48,1,1,3400.00
113,2026-07-30,10:30,4,5,10800.00
114,2026-07-30,12:56,2,3,3750.00
115,2026-07-30,14:10,1,3,6100.00
116,2026-07-30,15:30,2,2,5500.00
117,2026-07-30,16:53,1,2,5850.00
118,2026-07-30,16:54,1,2,6400.00
119,2026-07-30,17:06,2,2,5500.00
120,2026-07-30,17:07,1,1,3500.00
121,2026-07-30,17:33,2,5,11950.00
122,2026-07-30,17:35,1,2,5700.00
123,2026-07-30,18:14,2,4,4050.00
124,2026-07-30,18:30,1,2,1950.00
125,2026-07-30,18:55,1,1,1700.00
126,2026-07-31,12:39,1,1,900.00
127,2026-07-31,13:45,2,2,8850.00
128,2026-07-31,17:21,2,4,5100.00
129,2026-07-31,17:36,3,5,10400.00
130,2026-07-31,18:15,1,2,4300.00
131,2026-07-31,18:25,2,2,4500.00
132,2026-07-31,19:51,1,2,12250.00
133,2026-08-01,08:14,1,2,3200.00
134,2026-08-01,08:22,1,3,7800.00
135,2026-08-01,09:13,1,2,13850.00
136,2026-08-01,10:16,2,2,7750.00
137,2026-08-01,10:17,1,2,3950.00
138,2026-08-01,10:43,1,3,4800.00
139,2026-08-01,11:39,1,1,2250.00
140,2026-08-01,12:11,2,4,10150.00
141,2026-08-01,12:24,4,6,4950.00
142,2026-08-01,12:59,1,1,2750.00
143,2026-08-01,14:14,1,2,2650.00
144,2026-08-01,14:22,2,3,3150.00
145,2026-08-01,14:28,1,1,1450.00
146,2026-08-01,15:01,2,3,6350.00
147,2026-08-01,15:11,2,2,8950.00
148,2026-08-01,15:38,1,1,5600.00
149,2026-08-01,15:43,1,1,1950.00
150,2026-08-01,15:45,1,1,3250.00
151,2026-08-01,15:49,1,3,3400.00
152,2026-08-01,17:46,1,1,2950.00
153,2026-08-01,17:48,1,3,3450.00
154,2026-08-01,17:56,2,2,6850.00
155,2026-08-01,18:20,1,1,5650.00
156,2026-08-01,18:49,1,1,2400.00
157,2026-08-01,19:02,1,1,3200.00
158,2026-08-01,19:27,1,1,7250.00
159,2026-08-02,08:21,1,2,4200.00
160,2026-08-02,08:53,1,2,3650.00
161,2026-08-02,09:10,1,1,2500.00
162,2026-08-02,09:19,3,6,15450.00
163,2026-08-02,09:33,1,4,2100.00
164,2026-08-02,10:04,3,4,8400.00
165,2026-08-02,10:06,4,4,9450.00
166,2026-08-02,10:08,1,1,4200.00
167,2026-08-02,10:12,2,2,2950.00
168,2026-08-02,10:27,1,1,3550.00
169,2026-08-02,10:32,2,4,8350.00
170,2026-08-02,10:43,1,3,23050.00
171,2026-08-02,11:04,2,2,9150.00
172,2026-08-02,11:15,2,2,3200.00
173,2026-08-02,11:35,1,1,1000.00
174,2026-08-02,11:38,1,1,750.00
175,2026-08-02,11:41,1,1,850.00
176,2026-08-02,12:57,1,3,8500.00
177,2026-08-02,12:58,1,3,4450.00
178,2026-08-02,13:18,1,2,3200.00
179,2026-08-02,14:24,1,1,2200.00
180,2026-08-02,14:26,2,2,3350.00
181,2026-08-02,14:27,1,1,7550.00
182,2026-08-02,14:29,4,4,2400.00
183,2026-08-02,14:32,1,1,5800.00
184,2026-08-02,14:33,1,1,3700.00
185,2026-08-02,14:35,1,3,3050.00
186,2026-08-02,14:45,1,3,20750.00
187,2026-08-02,14:53,2,2,4300.00
188,2026-08-02,14:59,1,2,2700.00
189,2026-08-02,15:15,1,1,2050.00
190,2026-08-02,16:24,4,5,4550.00
191,2026-08-02,16:42,1,1,2400.00
192,2026-08-02,16:51,1,2,8900.00
193,2026-08-02,17:38,1,1,3050.00
194,2026-08-02,17:57,2,3,6350.00
195,2026-08-02,18:27,1,2,10200.00
196,2026-08-02,18:45,1,3,7750.00
197,2026-08-02,18:49,3,3,5750.00
198,2026-08-02,18:52,4,5,3850.00
199,2026-08-02,19:22,1,2,9850.00
200,2026-08-02,19:26,1,2,3400.00
201,2026-08-02,19:27,2,5,9450.00
202,2026-08-02,19:31,1,1,1900.00
203,2026-08-02,19:59,1,2,4900.00
204,2026-08-03,09:35,1,1,2550.00
205,2026-08-03,10:57,1,1,4150.00
206,2026-08-03,11:12,2,2,5500.00
207,2026-08-03,11:18,1,1,2000.00
208,2026-08-03,11:32,2,2,4250.00
209,2026-08-03,14:12,1,1,1850.00
210,2026-08-03,14:25,1,1,1300.00
211,2026-08-03,15:51,1,1,2000.00
212,2026-08-03,17:05,2,2,2100.00
213,2026-08-03,17:31,1,3,3550.00
214,2026-08-03,18:10,1,1,4450.00
215,2026-08-03,18:33,3,3,4200.00
216,2026-08-03,18:43,1,3,5150.00
217,2026-08-03,19:31,4,4,4500.00
218,2026-08-03,19:42,2,2,2400.00
219,2026-08-03,19:43,1,4,12500.00
220,2026-08-04,11:55,3,3,6700.00
221,2026-08-04,17:11,1,3,11450.00
222,2026-08-04,17:12,3,3,6500.00
223,2026-08-04,17:14,1,1,3100.00
224,2026-08-04,17:37,2,3,3750.00
225,2026-08-04,17:58,2,3,7000.00
226,2026-08-04,18:06,1,2,2950.00
227,2026-08-04,18:29,1,1,6100.00
228,2026-08-04,18:32,3,6,16300.00
229,2026-08-04,19:31,4,5,20200.00
230,2026-08-05,10:00,1,4,14800.00
231,2026-08-05,10:30,1,1,1950.00
232,2026-08-05,15:33,1,1,1200.00
233,2026-08-05,15:37,1,1,4400.00
234,2026-08-05,15:41,1,1,4600.00
235,2026-08-05,17:20,1,1,3800.00
236,2026-08-05,18:20,2,2,2650.00
237,2026-08-05,19:07,1,1,4150.00
238,2026-08-05,19:49,2,5,13100.00
239,2026-08-06,08:06,1,3,11350.00
240,2026-08-06,09:59,1,3,6400.00
241,2026-08-06,13:58,1,4,9100.00
242,2026-08-06,17:17,1,3,6450.00
243,2026-08-06,17:26,1,2,3300.00
244,2026-08-06,17:30,2,2,7950.00
245,2026-08-06,17:36,3,3,2450.00
246,2026-08-06,17:44,2,2,5000.00
247,2026-08-06,18:08,2,4,5550.00
248,2026-08-06,19:29,1,1,3200.00
249,2026-08-06,19:42,1,2,2700.00
250,2026-08-07,08:57,1,2,2550.00
251,2026-08-07,09:58,1,1,2350.00
252,2026-08-07,13:33,1,1,7550.00
253,2026-08-07,13:51,1,3,9600.00
254,2026-08-07,16:42,2,2,1600.00
255,2026-08-07,18:49,1,1,1200.00
256,2026-08-07,18:53,1,1,2600.00
257,2026-08-07,19:15,2,3,3550.00
258,2026-08-08,08:40,1,4,3300.00
259,2026-08-08,08:48,1,1,2200.00
260,2026-08-08,08:51,1,2,7000.00
261,2026-08-08,10:59,1,2,4150.00
262,2026-08-08,11:16,1,1,3150.00
263,2026-08-08,11:22,1,1,3350.00
264,2026-08-08,11:38,2,3,5550.00
265,2026-08-08,11:48,1,2,4750.00
266,2026-08-08,11:54,1,1,4350.00
267,2026-08-08,11:57,2,2,2700.00
268,2026-08-08,12:09,1,2,6350.00
269,2026-08-08,12:16,4,4,10800.00
270,2026-08-08,12:20,1,1,6600.00
271,2026-08-08,13:14,2,3,2350.00
272,2026-08-08,13:23,3,4,12850.00
273,2026-08-08,13:25,3,3,14900.00
274,2026-08-08,13:34,2,2,13550.00
275,2026-08-08,13:38,1,1,1950.00
276,2026-08-08,13:51,4,4,8250.00
277,2026-08-08,13:59,1,1,4050.00
278,2026-08-08,14:15,2,3,20450.00
279,2026-08-08,14:48,1,1,4100.00
280,2026-08-08,14:49,1,1,700.00
281,2026-08-08,16:47,2,4,13300.00
282,2026-08-08,17:07,1,4,5450.00
283,2026-08-08,17:38,2,5,7500.00
284,2026-08-08,17:43,1,3,7350.00
285,2026-08-08,18:20,1,2,3950.00
286,2026-08-08,18:32,2,2,1400.00
287,2026-08-08,19:23,1,1,3800.00
288,2026-08-08,19:35,3,4,8950.00
289,2026-08-09,08:23,1,1,3250.00
290,2026-08-09,08:33,1,2,6750.00
291,2026-08-09,09:28,3,4,15850.00
292,2026-08-09,09:36,2,3,2350.00
293,2026-08-09,10:10,1,3,2100.00
294,2026-08-09,11:03,2,3,2150.00
295,2026-08-09,11:19,3,4,9450.00
296,2026-08-09,11:30,1,1,900.00
297,2026-08-09,11:42,3,4,9600.00
298,2026-08-09,11:43,1,2,9300.00
299,2026-08-09,12:04,1,1,2500.00
300,2026-08-09,12:09,3,3,2150.00
301,2026-08-09,12:15,3,4,5550.00
302,2026-08-09,12:31,1,3,16350.00
303,2026-08-09,12:33,2,2,6750.00
304,2026-08-09,12:42,1,4,3400.00
305,2026-08-09,12:55,2,2,5600.00
306,2026-08-09,13:33,2,2,2950.00
307,2026-08-09,13:50,2,2,2950.00
308,2026-08-09,14:00,4,6,4250.00
309,2026-08-09,14:06,1,1,2650.00
310,2026-08-09,14:12,1,3,4450.00
311,2026-08-09,14:41,1,2,2750.00
312,2026-08-09,15:12,1,1,4100.00
313,2026-08-09,15:22,2,4,7100.00
314,2026-08-09,15:46,1,2,2400.00
315,2026-08-09,15:47,1,4,9800.00
316,2026-08-09,16:08,1,2,10200.00
317,2026-08-09,16:39,2,2,7650.00
318,2026-08-09,16:40,3,3,2000.00
319,2026-08-09,16:42,2,4,8550.00
320,2026-08-09,17:02,1,1,1800.00
321,2026-08-09,17:46,1,1,2350.00
322,2026-08-09,18:01,3,3,6250.00
323,2026-08-09,18:43,1,3,8200.00
324,2026-08-09,18:54,2,3,6700.00
325,2026-08-09,19:04,4,7,5300.00
326,2026-08-09,19:18,2,2,2150.00
327,2026-08-10,08:17,2,2,4400.00
328,2026-08-10,11:30,1,1,2800.00
329,2026-08-10,12:28,1,1,5800.00
330,2026-08-10,14:52,2,3,4200.00
331,2026-08-10,18:38,1,3,12050.00
332,2026-08-10,19:09,1,2,5800.00
333,2026-08-10,19:12,1,1,3850.00
334,2026-08-10,19:15,1,1,2800.00
335,2026-08-11,09:02,1,1,4550.00
336,2026-08-11,12:09,1,1,3600.00
337,2026-08-11,13:36,3,3,2350.00
338,2026-08-11,17:00,2,2,1850.00
339,2026-08-11,17:50,1,1,1900.00
340,2026-08-11,17:58,2,3,5350.00
341,2026-08-11,18:07,3,5,2950.00
342,2026-08-11,18:24,2,2,3450.00
343,2026-08-11,18:37,3,3,5200.00
344,2026-08-11,18:39,2,2,2300.00
345,2026-08-11,18:50,1,2,4850.00
346,2026-08-11,19:34,1,1,2800.00
347,2026-08-12,10:36,2,5,4150.00
348,2026-08-12,12:31,1,3,2750.00
349,2026-08-12,14:23,1,1,3400.00
350,2026-08-12,14:53,2,5,4750.00
351,2026-08-12,15:01,1,1,3100.00
352,2026-08-12,15:14,1,1,3950.00
353,2026-08-12,16:36,2,3,4650.00
354,2026-08-12,17:01,2,2,3150.00
355,2026-08-12,17:02,2,2,1250.00
356,2026-08-12,17:17,1,2,1950.00
357,2026-08-12,17:20,1,2,2250.00
358,2026-08-12,18:09,2,2,6500.00
359,2026-08-12,18:34,1,3,7600.00
360,2026-08-12,18:35,2,2,1950.00
361,2026-08-12,18:47,3,4,4550.00
362,2026-08-12,19:06,1,2,2300.00
363,2026-08-12,19:11,1,2,6100.00
364,2026-08-12,19:13,2,3,3050.00
365,2026-08-13,08:57,1,1,3650.00
366,2026-08-13,11:28,3,5,11900.00
367,2026-08-13,13:38,1,1,2500.00
368,2026-08-13,16:34,2,2,4950.00
369,2026-08-13,17:35,2,3,11350.00
370,2026-08-13,17:38,1,1,1500.00
371,2026-08-13,17:47,2,3,10950.00
372,2026-08-13,18:27,1,2,1950.00
373,2026-08-13,18:55,2,2,3750.00
374,2026-08-13,19:29,3,4,4200.00
375,2026-08-13,19:47,1,1,3700.00
376,2026-08-13,19:50,1,1,4800.00
377,2026-08-14,10:55,1,1,2350.00
378,2026-08-14,14:14,1,3,4950.00
379,2026-08-14,16:12,2,2,3100.00
380,2026-08-14,16:55,1,3,7850.00
381,2026-08-14,17:02,1,2,3850.00
382,2026-08-14,17:03,3,3,7700.00
383,2026-08-14,17:26,3,3,2200.00
384,2026-08-14,18:05,2,2,6250.00
385,2026-08-14,18:16,4,4,8750.00
386,2026-08-14,18:46,1,1,3400.00
387,2026-08-15,08:27,1,1,5650.00
388,2026-08-15,09:11,1,1,9000.00
389,2026-08-15,09:20,2,3,8550.00
390,2026-08-15,09:40,4,4,9750.00
391,2026-08-15,09:41,1,1,3200.00
392,2026-08-15,10:05,2,2,5200.00
393,2026-08-15,10:32,4,7,7600.00
394,2026-08-15,11:17,1,2,11450.00
395,2026-08-15,11:18,4,4,8450.00
396,2026-08-15,11:26,2,5,18300.00
397,2026-08-15,11:27,1,4,9550.00
398,2026-08-15,11:54,1,1,3600.00
399,2026-08-15,12:32,2,2,4650.00
400,2026-08-15,12:50,1,1,750.00
401,2026-08-15,12:54,1,2,4900.00
402,2026-08-15,13:06,1,1,5700.00
403,2026-08-15,13:47,2,3,9000.00
404,2026-08-15,14:06,1,2,4300.00
405,2026-08-15,14:16,1,2,1900.00
406,2026-08-15,14:25,1,3,7050.00
407,2026-08-15,14:39,2,4,3350.00
408,2026-08-15,14:49,1,1,3700.00
409,2026-08-15,14:54,2,4,4450.00
410,2026-08-15,15:20,3,5,17100.00
411,2026-08-15,15:38,2,3,12550.00
412,2026-08-15,15:41,1,1,3250.00
413,2026-08-15,15:59,1,1,6000.00
414,2026-08-15,16:24,1,1,1800.00
415,2026-08-15,16:26,2,2,2600.00
416,2026-08-15,16:33,3,3,2300.00
417,2026-08-15,16:49,1,2,7500.00
418,2026-08-15,17:06,4,4,3550.00
419,2026-08-15,17:15,1,2,6850.00
420,2026-08-15,17:41,3,4,10600.00
421,2026-08-15,18:47,3,3,7900.00
422,2026-08-15,19:27,2,4,4000.00
423,2026-08-15,19:29,1,1,1650.00
424,2026-08-16,08:00,1,1,2800.00
425,2026-08-16,08:20,2,2,8850.00
426,2026-08-16,08:24,3,3,6450.00
427,2026-08-16,08:32,1,1,3250.00
428,2026-08-16,09:25,3,3,5700.00
429,2026-08-16,09:46,2,2,4850.00
430,2026-08-16,10:02,1,1,2450.00
431,2026-08-16,10:05,1,1,5200.00
432,2026-08-16,10:07,1,1,6250.00
433,2026-08-16,11:00,3,3,16300.00
434,2026-08-16,11:25,2,2,3450.00
435,2026-08-16,11:45,3,4,5450.00
436,2026-08-16,12:07,2,2,5900.00
437,2026-08-16,12:08,2,4,10850.00
438,2026-08-16,12:54,3,3,4600.00
439,2026-08-16,13:39,1,1,1950.00
440,2026-08-16,13:56,2,2,6500.00
441,2026-08-16,14:16,3,4,6950.00
442,2026-08-16,14:21,2,2,4900.00
443,2026-08-16,14:33,1,1,1800.00
444,2026-08-16,14:36,1,2,2150.00
445,2026-08-16,14:42,2,4,2750.00
446,2026-08-16,14:59,2,4,4100.00
447,2026-08-16,15:06,1,4,2450.00
448,2026-08-16,15:15,1,3,5150.00
449,2026-08-16,15:41,2,2,6050.00
450,2026-08-16,16:56,1,1,2450.00
451,2026-08-16,16:58,1,1,3250.00
452,2026-08-16,18:22,2,2,1650.00
453,2026-08-16,18:37,1,2,5900.00
454,2026-08-16,18:58,1,2,5000.00
455,2026-08-16,18:59,1,4,9250.00
456,2026-08-16,19:18,3,6,6950.00
457,2026-08-16,19:26,1,1,1500.00
458,2026-08-16,19:38,1,4,7300.00
459,2026-08-16,19:40,1,2,6400.00
460,2026-08-17,08:04,2,4,3350.00
461,2026-08-17,08:10,1,1,3050.00
462,2026-08-17,08:57,1,3,5450.00
463,2026-08-17,10:11,1,2,3500.00
464,2026-08-17,10:46,1,1,2150.00
465,2026-08-17,15:20,1,1,5400.00
466,2026-08-17,17:39,2,4,1500.00
467,2026-08-17,17:52,1,1,1800.00
468,2026-08-17,18:01,2,5,8950.00
469,2026-08-17,19:07,1,1,3800.00
470,2026-08-17,19:08,2,3,2850.00
471,2026-08-17,19:14,3,3,4100.00
472,2026-08-17,19:36,1,2,9400.00
473,2026-08-17,19:52,3,3,5200.00
474,2026-08-17,19:56,4,4,6100.00
475,2026-08-18,08:41,1,1,8050.00
476,2026-08-18,09:08,1,1,1850.00
477,2026-08-18,11:41,1,2,5000.00
478,2026-08-18,13:09,2,3,5300.00
479,2026-08-18,14:20,3,3,2200.00
480,2026-08-18,18:03,1,4,8450.00
481,2026-08-18,18:06,1,1,2450.00
482,2026-08-18,18:38,1,1,2000.00
483,2026-08-18,18:51,1,2,5200.00
484,2026-08-18,18:59,1,1,2750.00
485,2026-08-18,19:17,1,1,2800.00
486,2026-08-18,19:19,3,3,7050.00
487,2026-08-18,19:23,3,4,4900.00
488,2026-08-18,19:28,1,1,3400.00
489,2026-08-18,19:35,2,2,4900.00
490,2026-08-18,19:55,1,1,2950.00
491,2026-08-19,14:18,1,3,3000.00
492,2026-08-19,16:17,1,2,2500.00
493,2026-08-19,17:10,2,2,6350.00
494,2026-08-19,17:23,4,5,5850.00
495,2026-08-19,17:34,1,1,5550.00
496,2026-08-19,17:37,1,1,2250.00
497,2026-08-19,19:10,1,3,5200.00
498,2026-08-19,19:25,2,2,3200.00
499,2026-08-20,08:32,1,1,2000.00
500,2026-08-20,08:36,1,1,4500.00
501,2026-08-20,08:44,2,2,4750.00
502,2026-08-20,10:04,1,1,3050.00
503,2026-08-20,12:19,1,2,3700.00
504,2026-08-20,12:28,2,3,2500.00
505,2026-08-20,14:01,1,3,6600.00
506,2026-08-20,14:35,1,1,4650.00
507,2026-08-20,14:47,3,3,17750.00
508,2026-08-20,15:16,1,1,3000.00
509,2026-08-20,15:17,2,2,5850.00
510,2026-08-20,15:43,2,2,1950.00
511,2026-08-20,15:50,1,3,9150.00
512,2026-08-20,17:05,1,1,3800.00
513,2026-08-20,17:06,1,2,6100.00
514,2026-08-20,17:08,4,4,8800.00
515,2026-08-20,17:22,1,1,1800.00
516,2026-08-20,17:23,1,1,2800.00
517,2026-08-20,18:04,2,4,21250.00
518,2026-08-20,18:23,1,1,3650.00
519,2026-08-20,18:24,1,4,5050.00
520,2026-08-20,18:39,1,1,2100.00
521,2026-08-20,18:40,3,4,11450.00
522,2026-08-20,18:59,3,3,12500.00
523,2026-08-21,08:59,1,1,3350.00
524,2026-08-21,09:40,1,2,7100.00
525,2026-08-21,11:22,1,1,3150.00
526,2026-08-21,13:03,1,3,2200.00
527,2026-08-21,17:31,2,3,9950.00
528,2026-08-21,18:14,3,3,4750.00
529,2026-08-21,18:26,3,3,3000.00
530,2026-08-21,18:58,2,2,5250.00
531,2026-08-21,19:03,1,3,5650.00
532,2026-08-21,19:12,2,2,3400.00
533,2026-08-21,19:37,4,6,9300.00
534,2026-08-22,08:33,1,2,7000.00
535,2026-08-22,09:26,4,4,4000.00
536,2026-08-22,09:50,1,4,7550.00
537,2026-08-22,10:19,2,2,3150.00
538,2026-08-22,10:20,1,2,2700.00
539,2026-08-22,10:24,1,2,2600.00
540,2026-08-22,10:28,4,4,2150.00
541,2026-08-22,11:03,2,4,3150.00
542,2026-08-22,12:25,1,1,3600.00
543,2026-08-22,12:26,1,1,2600.00
544,2026-08-22,12:28,2,3,6250.00
545,2026-08-22,12:51,3,4,11700.00
546,2026-08-22,12:52,2,3,3950.00
547,2026-08-22,13:09,1,1,2550.00
548,2026-08-22,13:14,1,3,5700.00
549,2026-08-22,14:04,2,4,17800.00
550,2026-08-22,14:18,1,1,4650.00
551,2026-08-22,14:27,3,3,4100.00
552,2026-08-22,14:53,1,1,4150.00
553,2026-08-22,15:52,1,1,3750.00
554,2026-08-22,16:05,1,1,3150.00
555,2026-08-22,16:12,1,4,3500.00
556,2026-08-22,16:35,1,1,4350.00
557,2026-08-22,16:36,1,1,4650.00
558,2026-08-22,17:02,1,4,2450.00
559,2026-08-22,17:05,3,5,26000.00
560,2026-08-22,17:09,1,1,3650.00
561,2026-08-22,18:01,1,4,17650.00
562,2026-08-22,18:04,2,2,3350.00
563,2026-08-22,18:24,2,2,6850.00
564,2026-08-22,18:33,1,1,3300.00
565,2026-08-22,18:57,1,1,3150.00
566,2026-08-22,19:07,1,1,2650.00
567,2026-08-22,19:10,1,1,3050.00
568,2026-08-22,19:18,2,4,3950.00
569,2026-08-22,19:55,2,2,3150.00
570,2026-08-23,08:02,1,3,3900.00
571,2026-08-23,08:23,4,4,8550.00
572,2026-08-23,08:41,1,1,1700.00
573,2026-08-23,09:08,3,3,4600.00
574,2026-08-23,09:13,1,3,7000.00
575,2026-08-23,09:16,1,2,2500.00
576,2026-08-23,09:17,2,2,4050.00
577,2026-08-23,09:32,1,2,3800.00
578,2026-08-23,11:04,2,2,3650.00
579,2026-08-23,11:07,2,5,4450.00
580,2026-08-23,11:08,2,2,5400.00
581,2026-08-23,11:42,4,4,5500.00
582,2026-08-23,12:03,2,2,3900.00
583,2026-08-23,12:18,1,3,17000.00
584,2026-08-23,12:19,1,1,2250.00
585,2026-08-23,12:21,1,2,7750.00
586,2026-08-23,13:00,2,2,7600.00
587,2026-08-23,13:13,3,6,4150.00
588,2026-08-23,13:33,1,1,2250.00
589,2026-08-23,13:39,1,1,5700.00
590,2026-08-23,13:47,1,4,5450.00
591,2026-08-23,14:44,1,1,6150.00
592,2026-08-23,15:08,1,2,4150.00
593,2026-08-23,17:48,1,1,4750.00
594,2026-08-23,18:30,1,3,3750.00
595,2026-08-23,18:51,1,3,3300.00
596,2026-08-23,18:53,1,1,2100.00
597,2026-08-23,18:55,1,1,2600.00
598,2026-08-23,19:07,2,2,2850.00
599,2026-08-23,19:15,2,4,14250.00
600,2026-08-23,19:55,1,1,2900.00
601,2026-08-24,08:26,1,1,2050.00
602,2026-08-24,10:35,1,1,3850.00
603,2026-08-24,11:51,2,2,2650.00
604,2026-08-24,12:04,1,3,6550.00
605,2026-08-24,12:10,1,2,4100.00
606,2026-08-24,15:26,2,3,2000.00
607,2026-08-24,17:10,3,6,3700.00
608,2026-08-24,17:48,1,1,3250.00
609,2026-08-24,17:57,1,1,3600.00
610,2026-08-24,18:00,1,2,4200.00
611,2026-08-24,18:35,2,2,8400.00
612,2026-08-24,18:43,2,2,2000.00
613,2026-08-24,19:02,2,3,9800.00
614,2026-08-24,19:05,1,4,12100.00
615,2026-08-24,19:06,2,3,10850.00
616,2026-08-24,19:12,1,2,4950.00
617,2026-08-24,19:54,1,2,2500.00
618,2026-08-24,19:56,2,4,8600.00